Company,Location,URL
Acumatica,"Bellevue, WA",acumatica.com
angelMD,"Seattle, WA",angelmd.co
Avalara,"Seattle, WA",avalara.com
Balance Financial,"Bellevue, WA",balancefin.com
BitcoinPayflow,"Seattle, WA",bitcointax.info
BitcoinTaxes,"Issaquah, WA",bitcoin.tax
BitTrust,"Seattle, WA",bittrust.org
BizXchange,"Bellevue, WA",bizx.com
Blackcrane Capital,"Bellevue, WA",blackcranecap.com
BMC Group,"Seattle, WA",bmcgroup.com
CakeCodes,"Seattle, WA",cakecodes.com
CoinLab,"Seattle, WA",coinlab.com
Coinme,"Seattle, WA",coinme.com
Coinstar,"Bellevue, WA",coinstar.com
Community Sourced Capital,"Seattle, WA",communitysourcedcapital.com
Deblume,"Seattle, WA",deblume.com
Dragonchain Foundation,"Seattle, WA",dragonchain.org
Envestnet,"Seattle, WA",tamaracinc.com
FlexMinder,"Seattle, WA",flexminder.com
